{
  "Get aws/sts" : {
    "transaction" : "Get aws/sts",
    "sampleCount" : 1,
    "errorCount" : 0,
    "errorPct" : 0.0,
    "meanResTime" : 500.0,
    "medianResTime" : 500.0,
    "minResTime" : 500.0,
    "maxResTime" : 500.0,
    "pct1ResTime" : 500.0,
    "pct2ResTime" : 500.0,
    "pct3ResTime" : 500.0,
    "throughput" : 2.0,
    "receivedKBytesPerSec" : 2.21875,
    "sentKBytesPerSec" : 0.78125
  },
  "Get Phos" : {
    "transaction" : "Get Phos",
    "sampleCount" : 1,
    "errorCount" : 0,
    "errorPct" : 0.0,
    "meanResTime" : 8176.0,
    "medianResTime" : 8176.0,
    "minResTime" : 8176.0,
    "maxResTime" : 8176.0,
    "pct1ResTime" : 8176.0,
    "pct2ResTime" : 8176.0,
    "pct3ResTime" : 8176.0,
    "throughput" : 0.1223091976516634,
    "receivedKBytesPerSec" : 2.981047807607632,
    "sentKBytesPerSec" : 0.05948240276418786
  },
  "Total" : {
    "transaction" : "Total",
    "sampleCount" : 4,
    "errorCount" : 0,
    "errorPct" : 0.0,
    "meanResTime" : 6344.75,
    "medianResTime" : 7893.5,
    "minResTime" : 500.0,
    "maxResTime" : 9092.0,
    "pct1ResTime" : 9092.0,
    "pct2ResTime" : 9092.0,
    "pct3ResTime" : 9092.0,
    "throughput" : 0.15750511891636476,
    "receivedKBytesPerSec" : 1.087308286738069,
    "sentKBytesPerSec" : 0.07248465555599307
  },
  "Get Covid Exposure site" : {
    "transaction" : "Get Covid Exposure site",
    "sampleCount" : 1,
    "errorCount" : 0,
    "errorPct" : 0.0,
    "meanResTime" : 7611.0,
    "medianResTime" : 7611.0,
    "minResTime" : 7611.0,
    "maxResTime" : 7611.0,
    "pct1ResTime" : 7611.0,
    "pct2ResTime" : 7611.0,
    "pct3ResTime" : 7611.0,
    "throughput" : 0.1313887793982394,
    "receivedKBytesPerSec" : 0.2455841052424123,
    "sentKBytesPerSec" : 0.06620762711864407
  },
  "Login  Request" : {
    "transaction" : "Login  Request",
    "sampleCount" : 1,
    "errorCount" : 0,
    "errorPct" : 0.0,
    "meanResTime" : 9092.0,
    "medianResTime" : 9092.0,
    "minResTime" : 9092.0,
    "maxResTime" : 9092.0,
    "pct1ResTime" : 9092.0,
    "pct2ResTime" : 9092.0,
    "pct3ResTime" : 9092.0,
    "throughput" : 0.10998680158380995,
    "receivedKBytesPerSec" : 0.028785608227012757,
    "sentKBytesPerSec" : 0.050589632369115706
  }
}